{
	"format_version": "1.8.0",
	"animations": {
		"idle": {
			"loop": true
		},
		"walk": {
			"loop": true,
			"animation_length": 1.5,
			"bones": {
				"waist": {
					"rotation": {
						"0.0": {
							"vector": [5.0547, 4.82922, 0]
						},
						"0.25": {
							"vector": [12.5547, 4.82922, 1.29717]
						},
						"0.5": {
							"vector": [10.12956, -7.0905, -2.47475]
						},
						"0.75": {
							"vector": [7.88412, -11.85259, -4.02027]
						},
						"1.0": {
							"vector": [12.60508, 0.34184, -1.25395]
						},
						"1.25": {
							"vector": [12.72024, 7.65992, 0.39302]
						},
						"1.5": {
							"vector": [5.0547, 4.82922, 1.29717]
						}
					}
				},
				"leftArm": {
					"rotation": {
						"0.0": {
							"vector": [-30.90516, 29.5665, -14.41849]
						},
						"0.25": {
							"vector": [-13.77038, -0.51325, -12.52891]
						},
						"0.5": {
							"vector": [1.22962, -0.51325, -12.52891]
						},
						"0.75": {
							"vector": [6.17239, -3.53875, -7.82643]
						},
						"1.0": {
							"vector": [3.72962, -0.51325, -12.52891]
						},
						"1.25": {
							"vector": [-21.27038, -0.51325, -12.52891]
						},
						"1.5": {
							"vector": [-30.90516, 29.5665, -14.41849]
						}
					},
					"position": {
						"0.0": {
							"vector": [0, 0, -2]
						},
						"0.25": {
							"vector": [0, 0, 0]
						},
						"0.5": {
							"vector": [0, -0.35, 0.88]
						},
						"0.75": {
							"vector": [0, -1, 2]
						},
						"1.0": {
							"vector": [0, -1, 1]
						},
						"1.25": {
							"vector": [0, -1, 0]
						},
						"1.5": {
							"vector": [0, 0, -2]
						}
					}
				},
				"rightArm": {
					"rotation": {
						"0.0": {
							"vector": [13.09871, 10.80355, 6.32526]
						},
						"0.25": {
							"vector": [-6.90129, 10.80355, 6.32526]
						},
						"0.5": {
							"vector": [-24.40129, 10.80355, 6.32526]
						},
						"0.75": {
							"vector": [-23.67638, -16.81189, 17.44751]
						},
						"1.0": {
							"vector": [-14.40129, 10.80355, 6.32526]
						},
						"1.25": {
							"vector": [1.96794, 9.9815, 13.90466]
						},
						"1.5": {
							"vector": [13.09871, 10.80355, 6.32526]
						}
					},
					"position": {
						"0.0": {
							"vector": [0, 0, 2]
						},
						"0.25": {
							"vector": [0, 0, 0]
						},
						"0.5": {
							"vector": [0, 0.04, -0.54]
						},
						"0.75": {
							"vector": [0, 0, -1]
						},
						"1.0": {
							"vector": [0, -1, 0]
						},
						"1.25": {
							"vector": [0, -1, 1]
						},
						"1.5": {
							"vector": [0, 0, 2]
						}
					}
				},
				"leftLeg": {
					"rotation": {
						"0.0": {
							"vector": [20, 0, 0]
						},
						"0.25": {
							"vector": [27.46099, 0.07556, -0.75581]
						},
						"0.5": {
							"vector": [37.46099, 0.07556, -0.75581]
						},
						"0.75": {
							"vector": [-17.53901, 0.07556, -0.75581]
						},
						"1.0": {
							"vector": [-0.03901, 0.07556, -0.75581]
						},
						"1.25": {
							"vector": [9.96099, 0.07556, -0.75581]
						},
						"1.5": {
							"vector": [20, 0, 0]
						}
					},
					"position": {
						"0.0": {
							"vector": [0, 0, 0]
						},
						"0.25": {
							"vector": [0, 0, -2.12]
						},
						"0.5": {
							"vector": [0, 0, -4]
						},
						"0.75": {
							"vector": [0, 0, -2]
						},
						"1.0": {
							"vector": [0, 0, -1]
						},
						"1.25": {
							"vector": [0, 0, -0.74]
						},
						"1.5": {
							"vector": [0, 0, 0]
						}
					}
				},
				"rightLeg": {
					"rotation": {
						"0.0": {
							"vector": [-22.5, 0, 0]
						},
						"0.25": {
							"vector": [0, 0, 0]
						},
						"0.5": {
							"vector": [10, 0, 0]
						},
						"0.75": {
							"vector": [22.5, 0, 0]
						},
						"1.0": {
							"vector": [37.5, 0, 0]
						},
						"1.25": {
							"vector": [42.5, 0, 0]
						},
						"1.5": {
							"vector": [-22.5, 0, 0]
						}
					},
					"position": {
						"0.0": {
							"vector": [0, 0, -1]
						},
						"0.25": {
							"vector": [0, 0, -1]
						},
						"0.5": {
							"vector": [0, 0, 0]
						},
						"0.75": {
							"vector": [0, 0, -0.89]
						},
						"1.0": {
							"vector": [0, 0, -2.13]
						},
						"1.25": {
							"vector": [0, 0, -3]
						},
						"1.5": {
							"vector": [0, 0, -1]
						}
					}
				}
			}
		},
		"attack_right": {
			"animation_length": 1.2917,
			"bones": {
				"body": {
					"rotation": {
						"0.0": {
							"vector": [0, 0, 0]
						},
						"0.2917": {
							"vector": [0, 22.5, 0]
						},
						"0.4167": {
							"vector": [0, 22.5, 0]
						},
						"0.625": {
							"vector": [0, 15, 0]
						},
						"0.8333": {
							"vector": [0, 15, 0]
						},
						"1.2917": {
							"vector": [0, 0, 0]
						}
					},
					"position": {
						"0.0": {
							"vector": [0, 0, 0]
						},
						"0.2917": {
							"vector": [0, 0, 0]
						},
						"0.4167": {
							"vector": [0, 0, 0]
						},
						"0.625": {
							"vector": [0, -7, -13]
						},
						"0.8333": {
							"vector": [0, -10, -16]
						},
						"1.2917": {
							"vector": [0, 0, 0]
						}
					}
				},
				"waist": {
					"rotation": {
						"0.0": {
							"vector": [0, 0, 0]
						},
						"0.2917": {
							"vector": [-8.40808, 32.38481, -2.16279]
						},
						"0.4167": {
							"vector": [-8.40808, 32.38481, -2.16279]
						},
						"0.625": {
							"vector": [24.02861, -46.82682, -3.5314]
						},
						"0.8333": {
							"vector": [27.98191, -53.57333, -8.66671]
						},
						"1.2917": {
							"vector": [0, 0, 0]
						}
					},
					"position": {
						"vector": [0, 0, 0]
					}
				},
				"head": {
					"rotation": {
						"0.0": {
							"vector": [0, 0, 0]
						},
						"0.4167": {
							"vector": [0, 0, 0]
						},
						"0.5417": {
							"vector": [5, -35, 0]
						},
						"0.6667": {
							"vector": [-2.5, -7.5, 0]
						},
						"0.8333": {
							"vector": [-2.5, -7.5, 0]
						},
						"1.2917": {
							"vector": [0, 0, 0]
						}
					}
				},
				"HeadTentacles": {
					"rotation": {
						"0.0": {
							"vector": [0, 0, 0]
						},
						"0.4167": {
							"vector": [0, 0, 0]
						},
						"0.5417": {
							"vector": [5, -35, 0]
						},
						"0.6667": {
							"vector": [-2.5, -7.5, 0]
						},
						"0.8333": {
							"vector": [-2.5, -7.5, 0]
						},
						"1.2917": {
							"vector": [0, 0, 0]
						}
					}
				},
				"rightArm": {
					"rotation": {
						"0.0": {
							"vector": [0, 0, 0]
						},
						"0.2917": {
							"vector": [25.74912, -16.7796, 78.24912]
						},
						"0.4167": {
							"vector": [25.74912, -16.7796, 78.24912]
						},
						"0.6667": {
							"vector": [-79.64639, -9.47276, 79.98707]
						},
						"0.9167": {
							"vector": [-82.14639, -9.47276, 79.98707]
						},
						"1.2917": {
							"vector": [0, 0, 0]
						}
					}
				},
				"leftArm": {
					"rotation": {
						"0.0": {
							"vector": [0, 0, 0]
						},
						"0.2917": {
							"vector": [-20.25313, 9.53274, -3.03513]
						},
						"0.4167": {
							"vector": [-20.25313, 9.53274, -3.03513]
						},
						"0.6667": {
							"vector": [26.82172, 12.99938, -17.91994]
						},
						"0.9167": {
							"vector": [29.32172, 12.99938, -17.91994]
						},
						"1.2917": {
							"vector": [0, 0, 0]
						}
					}
				},
				"torso": {
					"rotation": {
						"0.0": {
							"vector": [0, 0, 0]
						},
						"0.2917": {
							"vector": [-5, 10, 0]
						},
						"0.4167": {
							"vector": [-5, 10, 0]
						},
						"0.625": {
							"vector": [18.52154, -16.03998, 3.23899]
						},
						"0.8333": {
							"vector": [25.61008, -24.28282, -2.79999]
						},
						"1.2917": {
							"vector": [0, 0, 0]
						}
					}
				},
				"rightLeg": {
					"rotation": {
						"0.0": {
							"vector": [0, 0, 0]
						},
						"0.2917": {
							"vector": [-4.88892, -2.4807, 0.32938]
						},
						"0.4167": {
							"vector": [-4.88892, -2.4807, 0.32938]
						},